username,id
79m4l295,7556230318852721933
coltytrading,7556231289016290591
hello_investing,7556231886209682701
ehsanur.ugly,7556231932099480846
citygatesusa,7556233853459778846
tprogressproject,7556237151050927390
slusserjahmari,7556237311709596942
dr..facts2,7556237232785345823
nicolettestrives2,7556237492844891406
passivelyjazzed,7556237577943076109
onrampanalytics,7556237724785593630
thrifty.homemaker,7556238382536428830
samtradezzz,7556238567211633933
karenaguirre203,7556238529643253047
lateentrytrader,7556240083473435934
the_fundfriend,7556239890703256887
hightide69,7556242825696922893
hightide69,7556242855858048311
cryptonoble_0,7556242766896926007
nittysrealm,7556242719891279118
juliesidehustleera,7556243474765434143
establishingbrowns,7556245021926690061
user1704851996795,7556245078902148382
instablog9jaofficial,7556245461082852638
jakeclaver007,7556246571927620894
blockchainbullhorn3298,7556246492256701751
notiktoklichae,7556246954833972511
blockchainbullhorn3298,7556246798398983438
thejusticewatchdo,7556246905576017165
reebarekman,7556247104260148511
aidogcoin,7556247520989465886
millionairemindsetfeed,7556247744369659149
giannaruthhh,7556247829090503967
douglasbass7,7556248249259134239
mayarcsftpl,7556248537856511287
lexies.cash.stuffing,7556248876382948621
hannwasbi,7556248939486252343
joinearlybird,7556248735970250015
jennierula,7556249559781969182
kevincolladooo,7556250991255899447
jenniebills1,7556251051599334686
gabosneaks,7556251557491215646
bzhgsf353,7556251790291782942
melissajune_,7556251976099532062
bzhgsf353,7556252377095933214
crypto.wendy.bckup.page,7556252291427306766
hannadurdn,7556253450024045855
pnwspike,7556253512548584734
sarahnicolenadler,7556253513630698766
days.trades,7556253788697333006
thefinancebook,7556254364126432543
bridgestonefinancial,7556254758638587150
bianca_june,7556254857896660279
vincent_xrp,7556255379282201870
helena_june,7556254053383163149
melissajares3,7556255655707839775
sheamustupacbacdonald,7556256040568851725
riley_botha,7556256702174153998
westchesterhomes,7556256962971766047
wealthwithnic,7556257448068140301
itsmfinglaura,7556259253560937759
genxrp.news_16,7556259054687980814
ggcft61,7556259253296631054
trailerparkduster,7556260797735914783
user1704851996795,7556261191836798238
mn_trades,7556261952092146999
muzamilsindhi0826,7556261931141631246
cwhilletrades,7556262517551516958
amillionaireloading,7556263160571825422
snipingmotions,7556266099659066654
j32jasmine,7556266392278895927
plasticpollutesofficial,7556268000291147063
z_bghost,7553661164635426061
ck_trades1,7556268587917364494
anagraciela74,7556269466925993271
habarientertainment,7556271153271016718
june.morchid,7556271225102765326
sarzytrades,7556271505408085279
helpcentre_web3,7556271853191400735
jayrichh_305,7556274643930287374
darknessintensified,7556275685141007629
altgupzph7q,7556276099722841375
ui61xeoxe5,7556275820617092407
freedomwithsteph,7556276477268938014
mochanq,7556276889489362207
andreaprice46,7556277548519329079
riley_botha,7556278533685841165
supernaturalmommy,7556278920023182623
hemingwayiii,7556279276350278943
kaleisplant,7556279209329478925
fanbeat0909,7556279755943759159
wolftrades,7556279999918083358
c.a.b.r.o.n.e.s_pr,7556281743213366559
galvinyswiper,7556281081255808287
zeke_trades,7556281986713734431
fanbeat0909,7556282273360792845
tdawgmiami,7556282318390938935
ui61xeoxe5,7556283668902235406
hotshotcat,7556283763278351647
tun.phan.pstum,7556283980769692983
no_legs_,7556284204388994334
nolantrades22,7556284476045675831
camernnlaceyy,7556286254820724023
alfie8715,7556285751101492493
tradersguidetofreedom,7556286696841547038
caityscooks,7556286819734801719
nationallinkstrust,7556286660720201015
fedhrattorney,7556287186472029471
taylordesi,7556287188225346847
sambrownuniversity,7556288652859526413
triniboyshaq,7556290202843565343
gerald.moore.jr,7556290291225955597
pashley.pottery,7556289663804165431
stock_news_now,7556291082137390367
swingtradewithmike,7556292242973969695
itsoluekundayo,7556292772970450231
girlyandrich.hq,7556293295962344759
fionaruthh2,7556293519195770125
sarah_knafo0,7556294326691663134
deadcandlez,7556294295838395679
breakevenleo,7556294640605973791
double.your.coin,7556294584410590478
tradersguidetofreedom,7556294982454283551
sarah_knafo0,7556294985251867935
bonetradez,7556296568597531934
hanna.june28,7556296639653137678
jusreason7,7556296313290247479
adnan_ict,7556296937465548087
yancikristen,7556297313015041310
hannasidehustle1,7556297632172264759
hsusjaokahsij,7556299198254091575
merkathetrader,7556299560931396878
itsmebillielee2,7556299953723706638
ui61xeoxe5,7556300379177094414
dontbeoffendedlul,7556301257955233038
licenselounge15,7556301755169000735
alphacornerstone,7556301695186226487
hwlgrvs,7556302139664928030
viptrading2025,7556303832863493406
dailypaywithtuhin,7556303869416901943
enchantedcreationsanav55,7556305745612901646
lewisjacksonoffical12,7556305640583335223
vainbeautyyy,7556306848215829790
hsusjaokahsij,7556306913273728269
marsha_rockholt_evans,7556307383325052190
jhoney_21,7556307700863339831
dri_the_realtor,7556308091705347383
infographicsdaily,7556308389098212638
brecottonn,7556308848668134670
shredded_cheddar,7556308709085826335
officialprofpeterstonge2,7556309541705567502
thelegacyinvestingshow,7556310031075937567
9u2k21di,7556310662096424206
grassmanpub,7556311641172741406
danieljennings75,7556311641172741406
budgetwithmei,7556312379693288759
havanaooohnana,7556312502619901239
drblackwealth,7556313360803826975
coltytrading,7556313890737376542
harry.mmxm,7556314734581026079
roz.tradingco,7556315618660699423
odd_rey,7556316076074618167
boy_mama1317,7556317865402502414
afriktimesnow,7556317968582429982
market_bullies,7556318777504206110
cookingfromthishousw,7556319003623410974
dylan_fox_96,7556319346130177311
stock_news_now,7556319277909953822
charliebassjr,7556319407220296974
cam_mulvey,7556319081549401399
junkyard.parts.re,7556320414331424014
eftless.r,7556325830952045837
coachdevuncut,7556326571179642143
alexgivenss,7556327562473917727
michellekirby139,7556328018730421535
slowafbris,7556328944396471583
virals.trending,7556329022523837726
tradingelder,7556330143019519287
circle.crypto,7556331071567187213
circle.crypto,7556332289890831630
clockedout41,7556333278039461151
mckenna_in_rome,7556333922271939870
itssvanessas,7556333751245065527
tradeandtravel0,7556334238983933214
circle.crypto,7556334200928881975
austin_reynolds,7556336038910659871
intenttrades,7556336280825498910
brandencapital,7556336530072161567
girlyandrich.hq,7556337135607876877
touam.nbrs,7556337830776065310
kevln..spencer,7556337743538736414
chikomon,7556338675370528030
galenetranquility,7556339142813125918
daf73797,7556339107102805279
alex_issmall,7556339723506044174
tjr.knowledge1,7556340082307845431
tom.coins,7556340725919550775
wingardiumai,7556341053830286622
jessica.bass.digital,7556341552176499998
zay..trades,7556343613127478558
sheluvlavi,7556344350578429215
enigmaexposed81321,7556343902073081118
co.ach.ty.private.page,7556344757442694431
camdendonato,7556345129779383582
ccamdenpaige,7556345129779383582
spystocks_,7556345524232785165
norasavesallday,7556345463536880951
davydaytrades,7556251584598953247
options_whisperingman,7556260086021246238
evperez08,7556281840093449486
mrblockchainbullhorn,7556306075734134047
crystellharris,7556305452376608031
revelation.3nine,7556327045672750391
cryptohelp4dummies,7556262775253716238
shockwase,7556289106767056158
trade.fusion.x,7556304609707347214
chartghost2,7556314374915247391
times.america,7556262455706422559
theblackexodus_,7556278134186724639
traderal_,7556252652019993887
swingtradewithmike,7556253560380345631
