username,id,create_datetime_est
i_love_devil_may_cry_,7557943574550056223,2025-10-05 23:21:29-04:00
coloringbip,7557941429767507255,2025-10-05 23:13:15-04:00
lookagainyoubum,7557935655423069454,2025-10-05 22:50:57-04:00
affordableusedcars1,7557934439922224397,2025-10-05 22:46:12-04:00
amymatesevac,7557932269134957854,2025-10-05 22:37:22-04:00
gandalf.county.pu,7557930654088957239,2025-10-05 22:31:29-04:00
grievesouls,7557909623194389791,2025-10-05 21:09:38-04:00
lovequeenie63,7557894535079038222,2025-10-05 20:11:16-04:00
hymac40,7557950577548774687,2025-10-05 23:48:39-04:00
cam_eeds,7557944326970494222,2025-10-05 23:24:30-04:00
theheightsapartments,7557941151777443102,2025-10-05 23:11:59-04:00
xtcurbx,7557937238592490782,2025-10-05 22:56:47-04:00
alyes_fabricantes0,7557921033076985102,2025-10-05 21:54:08-04:00
louisramos.re,7557911434668035358,2025-10-05 21:16:32-04:00
dontjumplz,7557907465518550286,2025-10-05 21:01:26-04:00
abpvirgiltaylor,7557900184684907831,2025-10-05 20:33:14-04:00
